id,Measurement_Date,Station_Code,Item_Code,Average_Value
2160,2017-01-01 14:00:00,110,9,66.0
2161,2017-01-01 14:00:00,111,1,0.006
2162,2017-01-01 14:00:00,111,3,0.0559999999999999
2163,2017-01-01 14:00:00,111,5,1.0
2164,2017-01-01 14:00:00,111,6,0.004
2165,2017-01-01 14:00:00,111,8,78.0
2166,2017-01-01 14:00:00,111,9,47.0
2167,2017-01-01 14:00:00,112,1,0.0069999999999999
2168,2017-01-01 14:00:00,112,3,0.059
2169,2017-01-01 14:00:00,112,5,0.1
2170,2017-01-01 14:00:00,112,6,0.006
2171,2017-01-01 14:00:00,112,8,95.0
2172,2017-01-01 14:00:00,112,9,81.0
2173,2017-01-01 14:00:00,113,1,0.0069999999999999
2174,2017-01-01 14:00:00,113,3,0.059
2175,2017-01-01 14:00:00,113,5,0.9
2176,2017-01-01 14:00:00,113,6,0.0069999999999999
2177,2017-01-01 14:00:00,113,8,106.0
2178,2017-01-01 14:00:00,113,9,51.0
2179,2017-01-01 14:00:00,114,1,0.008
2180,2017-01-01 14:00:00,114,3,0.051
2181,2017-01-01 14:00:00,114,5,0.8
2182,2017-01-01 14:00:00,114,6,0.011
2183,2017-01-01 14:00:00,114,8,86.0
2184,2017-01-01 14:00:00,114,9,68.0
2185,2017-01-01 14:00:00,115,1,0.006
2186,2017-01-01 14:00:00,115,3,0.038
2187,2017-01-01 14:00:00,115,5,0.8
2188,2017-01-01 14:00:00,115,6,0.012
2189,2017-01-01 14:00:00,115,8,88.0
2190,2017-01-01 14:00:00,115,9,56.0
2191,2017-01-01 14:00:00,116,1,0.0069999999999999
2192,2017-01-01 14:00:00,116,3,0.03
2193,2017-01-01 14:00:00,116,5,0.6
2194,2017-01-01 14:00:00,116,6,0.026
2195,2017-01-01 14:00:00,116,8,73.0
2196,2017-01-01 14:00:00,116,9,45.0
2197,2017-01-01 14:00:00,117,1,0.009
2198,2017-01-01 14:00:00,117,3,0.0279999999999999
2199,2017-01-01 14:00:00,117,5,0.7
2200,2017-01-01 14:00:00,117,6,0.018
2201,2017-01-01 14:00:00,117,8,102.0
2202,2017-01-01 14:00:00,117,9,51.0
2203,2017-01-01 14:00:00,118,1,0.0069999999999999
2204,2017-01-01 14:00:00,118,3,0.038
2205,2017-01-01 14:00:00,118,5,0.7
2206,2017-01-01 14:00:00,118,6,0.023
2207,2017-01-01 14:00:00,118,8,70.0
2208,2017-01-01 14:00:00,118,9,47.0
2209,2017-01-01 14:00:00,119,1,0.004
2210,2017-01-01 14:00:00,119,3,0.032
2211,2017-01-01 14:00:00,119,5,0.9
2212,2017-01-01 14:00:00,119,6,0.0069999999999999
2213,2017-01-01 14:00:00,119,8,78.0
2214,2017-01-01 14:00:00,119,9,73.0
2215,2017-01-01 14:00:00,120,1,0.006
2216,2017-01-01 14:00:00,120,3,0.063
2217,2017-01-01 14:00:00,120,5,0.1
2218,2017-01-01 14:00:00,120,6,0.005
2219,2017-01-01 14:00:00,120,8,86.0
2220,2017-01-01 14:00:00,120,9,71.0
2221,2017-01-01 14:00:00,121,1,0.008
2222,2017-01-01 14:00:00,121,3,0.068
2223,2017-01-01 14:00:00,121,5,1.1
2224,2017-01-01 14:00:00,121,6,0.005
2225,2017-01-01 14:00:00,121,8,89.0
2226,2017-01-01 14:00:00,121,9,63.0
2227,2017-01-01 14:00:00,122,1,0.006
2228,2017-01-01 14:00:00,122,3,0.051
2229,2017-01-01 14:00:00,122,5,1.0
2230,2017-01-01 14:00:00,122,6,0.006
2231,2017-01-01 14:00:00,122,8,100.0
2232,2017-01-01 14:00:00,122,9,56.0
2233,2017-01-01 14:00:00,123,1,0.005
2234,2017-01-01 14:00:00,123,3,0.047
2235,2017-01-01 14:00:00,123,5,0.8
2236,2017-01-01 14:00:00,123,6,0.004
2237,2017-01-01 14:00:00,123,8,91.0
2238,2017-01-01 14:00:00,123,9,84.0
2239,2017-01-01 14:00:00,124,1,0.006
2240,2017-01-01 14:00:00,124,3,0.046
2241,2017-01-01 14:00:00,124,5,0.9
2242,2017-01-01 14:00:00,124,6,0.0069999999999999
2243,2017-01-01 14:00:00,124,8,73.0
2244,2017-01-01 14:00:00,124,9,47.0
2245,2017-01-01 14:00:00,125,1,0.004
2246,2017-01-01 14:00:00,125,3,0.035
2247,2017-01-01 14:00:00,125,5,0.7
2248,2017-01-01 14:00:00,125,6,0.009
2249,2017-01-01 14:00:00,125,8,88.0
2250,2017-01-01 14:00:00,125,9,54.0
2251,2017-01-01 15:00:00,101,1,0.006
2252,2017-01-01 15:00:00,101,3,0.0559999999999999
2253,2017-01-01 15:00:00,101,5,0.8
2254,2017-01-01 15:00:00,101,6,0.008
2255,2017-01-01 15:00:00,101,8,87.0
2256,2017-01-01 15:00:00,101,9,69.0
2257,2017-01-01 15:00:00,102,1,0.0069999999999999
2258,2017-01-01 15:00:00,102,3,0.054
2259,2017-01-01 15:00:00,102,5,0.7
2260,2017-01-01 15:00:00,102,6,0.009
2261,2017-01-01 15:00:00,102,8,82.0
2262,2017-01-01 15:00:00,102,9,62.0
2263,2017-01-01 15:00:00,103,1,0.0069999999999999
2264,2017-01-01 15:00:00,103,3,0.046
2265,2017-01-01 15:00:00,103,5,0.9
2266,2017-01-01 15:00:00,103,6,0.004
2267,2017-01-01 15:00:00,103,8,89.0
2268,2017-01-01 15:00:00,103,9,79.0
2269,2017-01-01 15:00:00,104,1,0.009
2270,2017-01-01 15:00:00,104,3,0.043
2271,2017-01-01 15:00:00,104,5,0.8
2272,2017-01-01 15:00:00,104,6,0.0069999999999999
2273,2017-01-01 15:00:00,104,8,97.0
2274,2017-01-01 15:00:00,104,9,50.0
2275,2017-01-01 15:00:00,105,1,0.006
2276,2017-01-01 15:00:00,105,3,0.04
2277,2017-01-01 15:00:00,105,5,0.7
2278,2017-01-01 15:00:00,105,6,0.013
2279,2017-01-01 15:00:00,105,8,102.0
2280,2017-01-01 15:00:00,105,9,48.0
2281,2017-01-01 15:00:00,106,1,0.006
2282,2017-01-01 15:00:00,106,3,0.05
2283,2017-01-01 15:00:00,106,5,0.9
2284,2017-01-01 15:00:00,106,6,0.01
2285,2017-01-01 15:00:00,106,8,79.0
2286,2017-01-01 15:00:00,106,9,70.0
2287,2017-01-01 15:00:00,107,1,0.005
2288,2017-01-01 15:00:00,107,3,0.054
2289,2017-01-01 15:00:00,107,5,0.7
2290,2017-01-01 15:00:00,107,6,0.004
2291,2017-01-01 15:00:00,107,8,114.0
2292,2017-01-01 15:00:00,107,9,61.0
2293,2017-01-01 15:00:00,108,1,0.005
2294,2017-01-01 15:00:00,108,3,0.05
2295,2017-01-01 15:00:00,108,5,0.8
2296,2017-01-01 15:00:00,108,6,0.009
2297,2017-01-01 15:00:00,108,8,90.0
2298,2017-01-01 15:00:00,108,9,81.0
2299,2017-01-01 15:00:00,109,1,0.0069999999999999
2300,2017-01-01 15:00:00,109,3,0.052
2301,2017-01-01 15:00:00,109,5,0.9
2302,2017-01-01 15:00:00,109,6,0.005
2303,2017-01-01 15:00:00,109,8,106.0
2304,2017-01-01 15:00:00,109,9,64.0
2305,2017-01-01 15:00:00,110,1,0.006
2306,2017-01-01 15:00:00,110,3,0.0409999999999999
2307,2017-01-01 15:00:00,110,5,0.6
2308,2017-01-01 15:00:00,110,6,0.009
2309,2017-01-01 15:00:00,110,8,85.0
2310,2017-01-01 15:00:00,110,9,64.0
2311,2017-01-01 15:00:00,111,1,0.006
2312,2017-01-01 15:00:00,111,3,0.06
2313,2017-01-01 15:00:00,111,5,1.1
2314,2017-01-01 15:00:00,111,6,0.003
2315,2017-01-01 15:00:00,111,8,80.0
2316,2017-01-01 15:00:00,111,9,55.0
2317,2017-01-01 15:00:00,112,1,0.0069999999999999
2318,2017-01-01 15:00:00,112,3,0.063
2319,2017-01-01 15:00:00,112,5,0.1
2320,2017-01-01 15:00:00,112,6,0.005
2321,2017-01-01 15:00:00,112,8,95.0
2322,2017-01-01 15:00:00,112,9,79.0
2323,2017-01-01 15:00:00,113,1,0.0069999999999999
2324,2017-01-01 15:00:00,113,3,0.062
2325,2017-01-01 15:00:00,113,5,0.9
2326,2017-01-01 15:00:00,113,6,0.004
2327,2017-01-01 15:00:00,113,8,100.0
2328,2017-01-01 15:00:00,113,9,51.0
2329,2017-01-01 15:00:00,114,1,0.008
2330,2017-01-01 15:00:00,114,3,0.057
2331,2017-01-01 15:00:00,114,5,0.9
2332,2017-01-01 15:00:00,114,6,0.008
2333,2017-01-01 15:00:00,114,8,89.0
2334,2017-01-01 15:00:00,114,9,70.0
2335,2017-01-01 15:00:00,115,1,0.006
2336,2017-01-01 15:00:00,115,3,0.036
2337,2017-01-01 15:00:00,115,5,0.7
2338,2017-01-01 15:00:00,115,6,0.012
2339,2017-01-01 15:00:00,115,8,73.0
2340,2017-01-01 15:00:00,115,9,43.0
2341,2017-01-01 15:00:00,116,1,0.006
2342,2017-01-01 15:00:00,116,3,0.031
2343,2017-01-01 15:00:00,116,5,0.5
2344,2017-01-01 15:00:00,116,6,0.025
2345,2017-01-01 15:00:00,116,8,62.0
2346,2017-01-01 15:00:00,116,9,34.0
2347,2017-01-01 15:00:00,117,1,0.009
2348,2017-01-01 15:00:00,117,3,0.025
2349,2017-01-01 15:00:00,117,5,0.6
2350,2017-01-01 15:00:00,117,6,0.022
2351,2017-01-01 15:00:00,117,8,78.0
2352,2017-01-01 15:00:00,117,9,34.0
2353,2017-01-01 15:00:00,118,1,0.0069999999999999
2354,2017-01-01 15:00:00,118,3,0.0409999999999999
2355,2017-01-01 15:00:00,118,5,0.7
2356,2017-01-01 15:00:00,118,6,0.019
2357,2017-01-01 15:00:00,118,8,71.0
2358,2017-01-01 15:00:00,118,9,46.0
2359,2017-01-01 15:00:00,119,1,0.005
2360,2017-01-01 15:00:00,119,3,0.022
2361,2017-01-01 15:00:00,119,5,0.7
2362,2017-01-01 15:00:00,119,6,0.019
2363,2017-01-01 15:00:00,119,8,62.0
2364,2017-01-01 15:00:00,119,9,52.0
2365,2017-01-01 15:00:00,120,1,0.0069999999999999
2366,2017-01-01 15:00:00,120,3,0.064
2367,2017-01-01 15:00:00,120,5,0.9
2368,2017-01-01 15:00:00,120,6,0.006
2369,2017-01-01 15:00:00,120,8,81.0
2370,2017-01-01 15:00:00,120,9,67.0
2371,2017-01-01 15:00:00,121,1,0.009
2372,2017-01-01 15:00:00,121,3,0.048
2373,2017-01-01 15:00:00,121,5,0.8
2374,2017-01-01 15:00:00,121,6,0.0139999999999999
2375,2017-01-01 15:00:00,121,8,75.0
2376,2017-01-01 15:00:00,121,9,55.0
2377,2017-01-01 15:00:00,122,1,0.0069999999999999
2378,2017-01-01 15:00:00,122,3,0.053
2379,2017-01-01 15:00:00,122,5,1.1
2380,2017-01-01 15:00:00,122,6,0.009
2381,2017-01-01 15:00:00,122,8,95.0
2382,2017-01-01 15:00:00,122,9,50.0
2383,2017-01-01 15:00:00,123,1,0.005
2384,2017-01-01 15:00:00,123,3,0.046
2385,2017-01-01 15:00:00,123,5,0.7
2386,2017-01-01 15:00:00,123,6,0.003
2387,2017-01-01 15:00:00,123,8,98.0
2388,2017-01-01 15:00:00,123,9,66.0
2389,2017-01-01 15:00:00,124,1,0.006
2390,2017-01-01 15:00:00,124,3,0.048
2391,2017-01-01 15:00:00,124,5,0.9
2392,2017-01-01 15:00:00,124,6,0.0069999999999999
2393,2017-01-01 15:00:00,124,8,70.0
2394,2017-01-01 15:00:00,124,9,56.0
2395,2017-01-01 15:00:00,125,1,0.005
2396,2017-01-01 15:00:00,125,3,0.039
2397,2017-01-01 15:00:00,125,5,0.7
2398,2017-01-01 15:00:00,125,6,0.01
2399,2017-01-01 15:00:00,125,8,81.0
2400,2017-01-01 15:00:00,125,9,46.0
2401,2017-01-01 16:00:00,101,1,0.006
2402,2017-01-01 16:00:00,101,3,0.063
2403,2017-01-01 16:00:00,101,5,0.9
2404,2017-01-01 16:00:00,101,6,0.004
2405,2017-01-01 16:00:00,101,8,87.0
2406,2017-01-01 16:00:00,101,9,69.0
2407,2017-01-01 16:00:00,102,1,0.0069999999999999
2408,2017-01-01 16:00:00,102,3,0.0579999999999999
2409,2017-01-01 16:00:00,102,5,0.7
2410,2017-01-01 16:00:00,102,6,0.006
2411,2017-01-01 16:00:00,102,8,82.0
2412,2017-01-01 16:00:00,102,9,61.0
2413,2017-01-01 16:00:00,103,1,0.006
2414,2017-01-01 16:00:00,103,3,0.047
2415,2017-01-01 16:00:00,103,5,0.9
2416,2017-01-01 16:00:00,103,6,0.004
2417,2017-01-01 16:00:00,103,8,85.0
2418,2017-01-01 16:00:00,103,9,75.0
2419,2017-01-01 16:00:00,104,1,0.008
2420,2017-01-01 16:00:00,104,3,0.044
2421,2017-01-01 16:00:00,104,5,0.7
2422,2017-01-01 16:00:00,104,6,0.0069999999999999
2423,2017-01-01 16:00:00,104,8,97.0
2424,2017-01-01 16:00:00,104,9,44.0
2425,2017-01-01 16:00:00,105,1,0.006
2426,2017-01-01 16:00:00,105,3,0.039
2427,2017-01-01 16:00:00,105,5,0.7
2428,2017-01-01 16:00:00,105,6,0.0139999999999999
2429,2017-01-01 16:00:00,105,8,91.0
2430,2017-01-01 16:00:00,105,9,59.0
2431,2017-01-01 16:00:00,106,1,0.006
2432,2017-01-01 16:00:00,106,3,0.055
2433,2017-01-01 16:00:00,106,5,0.9
2434,2017-01-01 16:00:00,106,6,0.006
2435,2017-01-01 16:00:00,106,8,77.0
2436,2017-01-01 16:00:00,106,9,66.0
2437,2017-01-01 16:00:00,107,1,0.005
2438,2017-01-01 16:00:00,107,3,0.053
2439,2017-01-01 16:00:00,107,5,0.8
2440,2017-01-01 16:00:00,107,6,0.004
2441,2017-01-01 16:00:00,107,8,96.0
2442,2017-01-01 16:00:00,107,9,58.0
2443,2017-01-01 16:00:00,108,1,0.005
2444,2017-01-01 16:00:00,108,3,0.051
2445,2017-01-01 16:00:00,108,5,0.8
2446,2017-01-01 16:00:00,108,6,0.009
2447,2017-01-01 16:00:00,108,8,87.0
2448,2017-01-01 16:00:00,108,9,78.0
2449,2017-01-01 16:00:00,109,1,0.006
2450,2017-01-01 16:00:00,109,3,0.054
2451,2017-01-01 16:00:00,109,5,1.0
2452,2017-01-01 16:00:00,109,6,0.003
2453,2017-01-01 16:00:00,109,8,91.0
2454,2017-01-01 16:00:00,109,9,61.0
2455,2017-01-01 16:00:00,110,1,0.005
2456,2017-01-01 16:00:00,110,3,0.04
2457,2017-01-01 16:00:00,110,5,0.6
2458,2017-01-01 16:00:00,110,6,0.009
2459,2017-01-01 16:00:00,110,8,81.0
2460,2017-01-01 16:00:00,110,9,60.0
2461,2017-01-01 16:00:00,111,1,0.006
2462,2017-01-01 16:00:00,111,3,0.0579999999999999
2463,2017-01-01 16:00:00,111,5,1.1
2464,2017-01-01 16:00:00,111,6,0.003
2465,2017-01-01 16:00:00,111,8,79.0
2466,2017-01-01 16:00:00,111,9,61.0
2467,2017-01-01 16:00:00,112,1,0.006
2468,2017-01-01 16:00:00,112,3,0.061
2469,2017-01-01 16:00:00,112,5,0.1
2470,2017-01-01 16:00:00,112,6,0.003
2471,2017-01-01 16:00:00,112,8,93.0
2472,2017-01-01 16:00:00,112,9,80.0
2473,2017-01-01 16:00:00,113,1,0.006
2474,2017-01-01 16:00:00,113,3,0.06
2475,2017-01-01 16:00:00,113,5,0.9
2476,2017-01-01 16:00:00,113,6,0.004
2477,2017-01-01 16:00:00,113,8,91.0
2478,2017-01-01 16:00:00,113,9,63.0
2479,2017-01-01 16:00:00,114,1,0.008
2480,2017-01-01 16:00:00,114,3,0.06
2481,2017-01-01 16:00:00,114,5,0.9
2482,2017-01-01 16:00:00,114,6,0.005
2483,2017-01-01 16:00:00,114,8,90.0
2484,2017-01-01 16:00:00,114,9,70.0
2485,2017-01-01 16:00:00,115,1,0.005
2486,2017-01-01 16:00:00,115,3,0.038
2487,2017-01-01 16:00:00,115,5,0.7
2488,2017-01-01 16:00:00,115,6,0.011
2489,2017-01-01 16:00:00,115,8,72.0
2490,2017-01-01 16:00:00,115,9,42.0
2491,2017-01-01 16:00:00,116,1,0.008
2492,2017-01-01 16:00:00,116,3,0.052
2493,2017-01-01 16:00:00,116,5,0.7
2494,2017-01-01 16:00:00,116,6,0.0069999999999999
2495,2017-01-01 16:00:00,116,8,73.0
2496,2017-01-01 16:00:00,116,9,41.0
2497,2017-01-01 16:00:00,117,1,0.009
2498,2017-01-01 16:00:00,117,3,0.0279999999999999
2499,2017-01-01 16:00:00,117,5,0.5
2500,2017-01-01 16:00:00,117,6,0.02
2501,2017-01-01 16:00:00,117,8,66.0
2502,2017-01-01 16:00:00,117,9,32.0
2503,2017-01-01 16:00:00,118,1,0.006
2504,2017-01-01 16:00:00,118,3,0.044
2505,2017-01-01 16:00:00,118,5,0.6
2506,2017-01-01 16:00:00,118,6,0.019
2507,2017-01-01 16:00:00,118,8,69.0
2508,2017-01-01 16:00:00,118,9,45.0
2509,2017-01-01 16:00:00,119,1,0.005
2510,2017-01-01 16:00:00,119,3,0.024
2511,2017-01-01 16:00:00,119,5,0.8
2512,2017-01-01 16:00:00,119,6,0.016
2513,2017-01-01 16:00:00,119,8,56.0
2514,2017-01-01 16:00:00,119,9,40.0
2515,2017-01-01 16:00:00,120,1,0.006
2516,2017-01-01 16:00:00,120,3,0.0559999999999999
2517,2017-01-01 16:00:00,120,5,0.8
2518,2017-01-01 16:00:00,120,6,0.011
2519,2017-01-01 16:00:00,120,8,74.0
2520,2017-01-01 16:00:00,120,9,55.0
2521,2017-01-01 16:00:00,121,1,0.009
2522,2017-01-01 16:00:00,121,3,0.046
2523,2017-01-01 16:00:00,121,5,0.7
2524,2017-01-01 16:00:00,121,6,0.015
2525,2017-01-01 16:00:00,121,8,69.0
2526,2017-01-01 16:00:00,121,9,48.0
2527,2017-01-01 16:00:00,122,1,0.006
2528,2017-01-01 16:00:00,122,3,0.0559999999999999
2529,2017-01-01 16:00:00,122,5,1.2
2530,2017-01-01 16:00:00,122,6,0.005
2531,2017-01-01 16:00:00,122,8,86.0
2532,2017-01-01 16:00:00,122,9,49.0
2533,2017-01-01 16:00:00,123,1,0.006
2534,2017-01-01 16:00:00,123,3,0.047
2535,2017-01-01 16:00:00,123,5,0.7
2536,2017-01-01 16:00:00,123,6,0.003
2537,2017-01-01 16:00:00,123,8,98.0
2538,2017-01-01 16:00:00,123,9,63.0
2539,2017-01-01 16:00:00,124,1,0.006
2540,2017-01-01 16:00:00,124,3,0.047
2541,2017-01-01 16:00:00,124,5,0.9
2542,2017-01-01 16:00:00,124,6,0.008
2543,2017-01-01 16:00:00,124,8,67.0
2544,2017-01-01 16:00:00,124,9,66.0
2545,2017-01-01 16:00:00,125,1,0.004
2546,2017-01-01 16:00:00,125,3,0.048
2547,2017-01-01 16:00:00,125,5,0.8
2548,2017-01-01 16:00:00,125,6,0.005
2549,2017-01-01 16:00:00,125,8,87.0
2550,2017-01-01 16:00:00,125,9,54.0
2551,2017-01-01 17:00:00,101,1,0.005
2552,2017-01-01 17:00:00,101,3,0.063
2553,2017-01-01 17:00:00,101,5,0.9
2554,2017-01-01 17:00:00,101,6,0.002
2555,2017-01-01 17:00:00,101,8,91.0
2556,2017-01-01 17:00:00,101,9,72.0
2557,2017-01-01 17:00:00,102,1,0.006
2558,2017-01-01 17:00:00,102,3,0.068
2559,2017-01-01 17:00:00,102,5,0.9
2560,2017-01-01 17:00:00,102,6,0.002
2561,2017-01-01 17:00:00,102,8,87.0
2562,2017-01-01 17:00:00,102,9,66.0
2563,2017-01-01 17:00:00,103,1,0.006
2564,2017-01-01 17:00:00,103,3,0.048
2565,2017-01-01 17:00:00,103,5,1.0
2566,2017-01-01 17:00:00,103,6,0.001
2567,2017-01-01 17:00:00,103,8,85.0
2568,2017-01-01 17:00:00,103,9,78.0
2569,2017-01-01 17:00:00,104,1,0.0069999999999999
2570,2017-01-01 17:00:00,104,3,0.046
2571,2017-01-01 17:00:00,104,5,0.8
2572,2017-01-01 17:00:00,104,6,0.0069999999999999
2573,2017-01-01 17:00:00,104,8,90.0
2574,2017-01-01 17:00:00,104,9,54.0
2575,2017-01-01 17:00:00,105,1,0.006
2576,2017-01-01 17:00:00,105,3,0.0409999999999999
2577,2017-01-01 17:00:00,105,5,0.7
2578,2017-01-01 17:00:00,105,6,0.017
2579,2017-01-01 17:00:00,105,8,108.0
2580,2017-01-01 17:00:00,105,9,57.0
2581,2017-01-01 17:00:00,106,1,0.006
2582,2017-01-01 17:00:00,106,3,0.063
2583,2017-01-01 17:00:00,106,5,1.0
2584,2017-01-01 17:00:00,106,6,0.003
2585,2017-01-01 17:00:00,106,8,83.0
2586,2017-01-01 17:00:00,106,9,69.0
2587,2017-01-01 17:00:00,107,1,0.005
2588,2017-01-01 17:00:00,107,3,0.048
2589,2017-01-01 17:00:00,107,5,0.7
2590,2017-01-01 17:00:00,107,6,0.003
2591,2017-01-01 17:00:00,107,8,81.0
2592,2017-01-01 17:00:00,107,9,60.0
2593,2017-01-01 17:00:00,108,1,0.005
2594,2017-01-01 17:00:00,108,3,0.0579999999999999
2595,2017-01-01 17:00:00,108,5,0.8
2596,2017-01-01 17:00:00,108,6,0.004
2597,2017-01-01 17:00:00,108,8,89.0
2598,2017-01-01 17:00:00,108,9,76.0
2599,2017-01-01 17:00:00,109,1,0.006
2600,2017-01-01 17:00:00,109,3,0.055
2601,2017-01-01 17:00:00,109,5,1.0
2602,2017-01-01 17:00:00,109,6,0.002
2603,2017-01-01 17:00:00,109,8,95.0
2604,2017-01-01 17:00:00,109,9,65.0
2605,2017-01-01 17:00:00,110,1,0.005
2606,2017-01-01 17:00:00,110,3,0.044
2607,2017-01-01 17:00:00,110,5,0.6
2608,2017-01-01 17:00:00,110,6,0.006
2609,2017-01-01 17:00:00,110,8,87.0
2610,2017-01-01 17:00:00,110,9,63.0
2611,2017-01-01 17:00:00,111,1,0.006
2612,2017-01-01 17:00:00,111,3,0.0579999999999999
2613,2017-01-01 17:00:00,111,5,1.0
2614,2017-01-01 17:00:00,111,6,0.002
2615,2017-01-01 17:00:00,111,8,78.0
2616,2017-01-01 17:00:00,111,9,63.0
2617,2017-01-01 17:00:00,112,1,0.005
2618,2017-01-01 17:00:00,112,3,0.0559999999999999
2619,2017-01-01 17:00:00,112,5,1.2
2620,2017-01-01 17:00:00,112,6,0.002
2621,2017-01-01 17:00:00,112,8,95.0
2622,2017-01-01 17:00:00,112,9,79.0
2623,2017-01-01 17:00:00,113,1,0.006
2624,2017-01-01 17:00:00,113,3,0.061
2625,2017-01-01 17:00:00,113,5,0.9
2626,2017-01-01 17:00:00,113,6,0.002
2627,2017-01-01 17:00:00,113,8,83.0
2628,2017-01-01 17:00:00,113,9,74.0
2629,2017-01-01 17:00:00,114,1,0.009
2630,2017-01-01 17:00:00,114,3,0.064
2631,2017-01-01 17:00:00,114,5,1.0
2632,2017-01-01 17:00:00,114,6,0.003
2633,2017-01-01 17:00:00,114,8,90.0
2634,2017-01-01 17:00:00,114,9,71.0
2635,2017-01-01 17:00:00,115,1,0.005
2636,2017-01-01 17:00:00,115,3,0.042
2637,2017-01-01 17:00:00,115,5,0.7
2638,2017-01-01 17:00:00,115,6,0.008
2639,2017-01-01 17:00:00,115,8,62.0
2640,2017-01-01 17:00:00,115,9,36.0
2641,2017-01-01 17:00:00,116,1,0.0069999999999999
2642,2017-01-01 17:00:00,116,3,0.04
2643,2017-01-01 17:00:00,116,5,0.6
2644,2017-01-01 17:00:00,116,6,0.018
2645,2017-01-01 17:00:00,116,8,56.0
2646,2017-01-01 17:00:00,116,9,37.0
2647,2017-01-01 17:00:00,117,1,0.009
2648,2017-01-01 17:00:00,117,3,0.032
2649,2017-01-01 17:00:00,117,5,0.6
2650,2017-01-01 17:00:00,117,6,0.017
2651,2017-01-01 17:00:00,117,8,57.0
2652,2017-01-01 17:00:00,117,9,51.0
2653,2017-01-01 17:00:00,118,1,0.006
2654,2017-01-01 17:00:00,118,3,0.055
2655,2017-01-01 17:00:00,118,5,0.8
2656,2017-01-01 17:00:00,118,6,0.011
2657,2017-01-01 17:00:00,118,8,58.0
2658,2017-01-01 17:00:00,118,9,40.0
2659,2017-01-01 17:00:00,119,1,0.004
2660,2017-01-01 17:00:00,119,3,0.026
2661,2017-01-01 17:00:00,119,5,0.9
2662,2017-01-01 17:00:00,119,6,0.0139999999999999
2663,2017-01-01 17:00:00,119,8,61.0
2664,2017-01-01 17:00:00,119,9,47.0
2665,2017-01-01 17:00:00,120,1,0.006
2666,2017-01-01 17:00:00,120,3,0.064
2667,2017-01-01 17:00:00,120,5,0.9
2668,2017-01-01 17:00:00,120,6,0.003
2669,2017-01-01 17:00:00,120,8,68.0
2670,2017-01-01 17:00:00,120,9,52.0
2671,2017-01-01 17:00:00,121,1,0.008
2672,2017-01-01 17:00:00,121,3,0.051
2673,2017-01-01 17:00:00,121,5,0.7
2674,2017-01-01 17:00:00,121,6,0.015
2675,2017-01-01 17:00:00,121,8,59.0
2676,2017-01-01 17:00:00,121,9,45.0
2677,2017-01-01 17:00:00,122,1,0.006
2678,2017-01-01 17:00:00,122,3,0.054
2679,2017-01-01 17:00:00,122,5,1.1
2680,2017-01-01 17:00:00,122,6,0.004
2681,2017-01-01 17:00:00,122,8,108.0
2682,2017-01-01 17:00:00,122,9,45.0
2683,2017-01-01 17:00:00,123,1,0.005
2684,2017-01-01 17:00:00,123,3,0.05
2685,2017-01-01 17:00:00,123,5,0.8
2686,2017-01-01 17:00:00,123,6,0.002
2687,2017-01-01 17:00:00,123,8,93.0
2688,2017-01-01 17:00:00,123,9,61.0
2689,2017-01-01 17:00:00,124,1,0.005
2690,2017-01-01 17:00:00,124,3,0.05
2691,2017-01-01 17:00:00,124,5,1.0
2692,2017-01-01 17:00:00,124,6,0.004
2693,2017-01-01 17:00:00,124,8,70.0
2694,2017-01-01 17:00:00,124,9,56.0
2695,2017-01-01 17:00:00,125,1,0.004
2696,2017-01-01 17:00:00,125,3,0.051
2697,2017-01-01 17:00:00,125,5,0.9
2698,2017-01-01 17:00:00,125,6,0.002
2699,2017-01-01 17:00:00,125,8,86.0
2700,2017-01-01 17:00:00,125,9,48.0
2701,2017-01-01 18:00:00,101,1,0.005
2702,2017-01-01 18:00:00,101,3,0.063
2703,2017-01-01 18:00:00,101,5,1.0
2704,2017-01-01 18:00:00,101,6,0.002
2705,2017-01-01 18:00:00,101,8,91.0
2706,2017-01-01 18:00:00,101,9,69.0
2707,2017-01-01 18:00:00,102,1,0.006
2708,2017-01-01 18:00:00,102,3,0.069
2709,2017-01-01 18:00:00,102,5,1.1
2710,2017-01-01 18:00:00,102,6,0.002
2711,2017-01-01 18:00:00,102,8,94.0
2712,2017-01-01 18:00:00,102,9,70.0
2713,2017-01-01 18:00:00,103,1,0.005
2714,2017-01-01 18:00:00,103,3,0.046
2715,2017-01-01 18:00:00,103,5,1.0
2716,2017-01-01 18:00:00,103,6,0.001
2717,2017-01-01 18:00:00,103,8,81.0
2718,2017-01-01 18:00:00,103,9,79.0
2719,2017-01-01 18:00:00,104,1,0.0069999999999999
2720,2017-01-01 18:00:00,104,3,0.048
2721,2017-01-01 18:00:00,104,5,0.9
2722,2017-01-01 18:00:00,104,6,0.0069999999999999
2723,2017-01-01 18:00:00,104,8,85.0
2724,2017-01-01 18:00:00,104,9,54.0
2725,2017-01-01 18:00:00,105,1,0.006
2726,2017-01-01 18:00:00,105,3,0.043
2727,2017-01-01 18:00:00,105,5,0.8
2728,2017-01-01 18:00:00,105,6,0.01
2729,2017-01-01 18:00:00,105,8,107.0
2730,2017-01-01 18:00:00,105,9,56.0
2731,2017-01-01 18:00:00,106,1,0.005
2732,2017-01-01 18:00:00,106,3,0.063
2733,2017-01-01 18:00:00,106,5,1.1
2734,2017-01-01 18:00:00,106,6,0.003
2735,2017-01-01 18:00:00,106,8,86.0
2736,2017-01-01 18:00:00,106,9,78.0
2737,2017-01-01 18:00:00,107,1,0.004
2738,2017-01-01 18:00:00,107,3,0.051
2739,2017-01-01 18:00:00,107,5,0.7
2740,2017-01-01 18:00:00,107,6,0.002
2741,2017-01-01 18:00:00,107,8,85.0
2742,2017-01-01 18:00:00,107,9,74.0
2743,2017-01-01 18:00:00,108,1,0.005
2744,2017-01-01 18:00:00,108,3,0.052
2745,2017-01-01 18:00:00,108,5,0.8
2746,2017-01-01 18:00:00,108,6,0.004
2747,2017-01-01 18:00:00,108,8,89.0
2748,2017-01-01 18:00:00,108,9,81.0
2749,2017-01-01 18:00:00,109,1,0.006
2750,2017-01-01 18:00:00,109,3,0.0559999999999999
2751,2017-01-01 18:00:00,109,5,1.0
2752,2017-01-01 18:00:00,109,6,0.002
2753,2017-01-01 18:00:00,109,8,107.0
2754,2017-01-01 18:00:00,109,9,64.0
2755,2017-01-01 18:00:00,110,1,0.005
2756,2017-01-01 18:00:00,110,3,0.038
2757,2017-01-01 18:00:00,110,5,0.6
2758,2017-01-01 18:00:00,110,6,0.006
2759,2017-01-01 18:00:00,110,8,102.0
2760,2017-01-01 18:00:00,110,9,74.0
2761,2017-01-01 18:00:00,111,1,0.006
2762,2017-01-01 18:00:00,111,3,0.0559999999999999
2763,2017-01-01 18:00:00,111,5,0.9
2764,2017-01-01 18:00:00,111,6,0.002
2765,2017-01-01 18:00:00,111,8,95.0
2766,2017-01-01 18:00:00,111,9,56.0
2767,2017-01-01 18:00:00,112,1,0.005
2768,2017-01-01 18:00:00,112,3,0.051
2769,2017-01-01 18:00:00,112,5,1.1
2770,2017-01-01 18:00:00,112,6,0.002
2771,2017-01-01 18:00:00,112,8,92.0
2772,2017-01-01 18:00:00,112,9,80.0
2773,2017-01-01 18:00:00,113,1,0.005
2774,2017-01-01 18:00:00,113,3,0.061
2775,2017-01-01 18:00:00,113,5,0.9
2776,2017-01-01 18:00:00,113,6,0.002
2777,2017-01-01 18:00:00,113,8,88.0
2778,2017-01-01 18:00:00,113,9,61.0
2779,2017-01-01 18:00:00,114,1,0.008
2780,2017-01-01 18:00:00,114,3,0.063
2781,2017-01-01 18:00:00,114,5,1.1
2782,2017-01-01 18:00:00,114,6,0.002
2783,2017-01-01 18:00:00,114,8,93.0
2784,2017-01-01 18:00:00,114,9,70.0
2785,2017-01-01 18:00:00,115,1,0.005
2786,2017-01-01 18:00:00,115,3,0.049
2787,2017-01-01 18:00:00,115,5,0.8
2788,2017-01-01 18:00:00,115,6,0.004
2789,2017-01-01 18:00:00,115,8,62.0
2790,2017-01-01 18:00:00,115,9,36.0
2791,2017-01-01 18:00:00,116,1,0.006
2792,2017-01-01 18:00:00,116,3,0.0559999999999999
2793,2017-01-01 18:00:00,116,5,0.7
2794,2017-01-01 18:00:00,116,6,0.006
2795,2017-01-01 18:00:00,116,8,46.0
2796,2017-01-01 18:00:00,116,9,48.0
2797,2017-01-01 18:00:00,117,1,0.008
2798,2017-01-01 18:00:00,117,3,0.04
2799,2017-01-01 18:00:00,117,5,0.7
2800,2017-01-01 18:00:00,117,6,0.009
2801,2017-01-01 18:00:00,117,8,62.0
2802,2017-01-01 18:00:00,117,9,49.0
2803,2017-01-01 18:00:00,118,1,0.005
2804,2017-01-01 18:00:00,118,3,0.064
2805,2017-01-01 18:00:00,118,5,1.0
2806,2017-01-01 18:00:00,118,6,0.002
2807,2017-01-01 18:00:00,118,8,59.0
2808,2017-01-01 18:00:00,118,9,37.0
2809,2017-01-01 18:00:00,119,1,0.004
2810,2017-01-01 18:00:00,119,3,0.036
2811,2017-01-01 18:00:00,119,5,1.0
2812,2017-01-01 18:00:00,119,6,0.004
2813,2017-01-01 18:00:00,119,8,73.0
2814,2017-01-01 18:00:00,119,9,49.0
2815,2017-01-01 18:00:00,120,1,0.005
2816,2017-01-01 18:00:00,120,3,0.071
2817,2017-01-01 18:00:00,120,5,1.1
2818,2017-01-01 18:00:00,120,6,0.002
2819,2017-01-01 18:00:00,120,8,74.0
2820,2017-01-01 18:00:00,120,9,59.0
2821,2017-01-01 18:00:00,121,1,0.0069999999999999
2822,2017-01-01 18:00:00,121,3,0.067
2823,2017-01-01 18:00:00,121,5,1.0
2824,2017-01-01 18:00:00,121,6,0.0069999999999999
2825,2017-01-01 18:00:00,121,8,72.0
2826,2017-01-01 18:00:00,121,9,51.0
2827,2017-01-01 18:00:00,122,1,0.006
2828,2017-01-01 18:00:00,122,3,0.053
2829,2017-01-01 18:00:00,122,5,1.0
2830,2017-01-01 18:00:00,122,6,0.004
2831,2017-01-01 18:00:00,122,8,103.0
2832,2017-01-01 18:00:00,122,9,65.0
2833,2017-01-01 18:00:00,123,1,0.005
2834,2017-01-01 18:00:00,123,3,0.05
2835,2017-01-01 18:00:00,123,5,0.8
2836,2017-01-01 18:00:00,123,6,0.002
2837,2017-01-01 18:00:00,123,8,88.0
2838,2017-01-01 18:00:00,123,9,57.0
2839,2017-01-01 18:00:00,124,1,0.005
2840,2017-01-01 18:00:00,124,3,0.05
2841,2017-01-01 18:00:00,124,5,1.0
2842,2017-01-01 18:00:00,124,6,0.003
2843,2017-01-01 18:00:00,124,8,67.0
2844,2017-01-01 18:00:00,124,9,53.0
2845,2017-01-01 18:00:00,125,1,0.004
2846,2017-01-01 18:00:00,125,3,0.05
2847,2017-01-01 18:00:00,125,5,0.9
2848,2017-01-01 18:00:00,125,6,0.002
2849,2017-01-01 18:00:00,125,8,106.0
2850,2017-01-01 18:00:00,125,9,77.0
2851,2017-01-01 19:00:00,101,1,0.005
2852,2017-01-01 19:00:00,101,3,0.062
2853,2017-01-01 19:00:00,101,5,1.0
2854,2017-01-01 19:00:00,101,6,0.002
2855,2017-01-01 19:00:00,101,8,92.0
2856,2017-01-01 19:00:00,101,9,70.0
2857,2017-01-01 19:00:00,102,1,0.006
2858,2017-01-01 19:00:00,102,3,0.065
2859,2017-01-01 19:00:00,102,5,1.0
2860,2017-01-01 19:00:00,102,6,0.002
2861,2017-01-01 19:00:00,102,8,95.0
2862,2017-01-01 19:00:00,102,9,72.0
2863,2017-01-01 19:00:00,103,1,0.005
2864,2017-01-01 19:00:00,103,3,0.048
2865,2017-01-01 19:00:00,103,5,1.1
2866,2017-01-01 19:00:00,103,6,0.001
2867,2017-01-01 19:00:00,103,8,83.0
2868,2017-01-01 19:00:00,103,9,77.0
2869,2017-01-01 19:00:00,104,1,0.006
2870,2017-01-01 19:00:00,104,3,0.046
2871,2017-01-01 19:00:00,104,5,0.9
2872,2017-01-01 19:00:00,104,6,0.0069999999999999
2873,2017-01-01 19:00:00,104,8,86.0
2874,2017-01-01 19:00:00,104,9,46.0
2875,2017-01-01 19:00:00,105,1,0.005
2876,2017-01-01 19:00:00,105,3,0.043
2877,2017-01-01 19:00:00,105,5,0.8
2878,2017-01-01 19:00:00,105,6,0.011
2879,2017-01-01 19:00:00,105,8,104.0
2880,2017-01-01 19:00:00,105,9,52.0
2881,2017-01-01 19:00:00,106,1,0.005
2882,2017-01-01 19:00:00,106,3,0.062
2883,2017-01-01 19:00:00,106,5,1.2
2884,2017-01-01 19:00:00,106,6,0.003
2885,2017-01-01 19:00:00,106,8,85.0
2886,2017-01-01 19:00:00,106,9,77.0
2887,2017-01-01 19:00:00,107,1,0.005
2888,2017-01-01 19:00:00,107,3,0.053
2889,2017-01-01 19:00:00,107,5,0.7
2890,2017-01-01 19:00:00,107,6,0.002
2891,2017-01-01 19:00:00,107,8,87.0
2892,2017-01-01 19:00:00,107,9,71.0
2893,2017-01-01 19:00:00,108,1,0.004
2894,2017-01-01 19:00:00,108,3,0.048
2895,2017-01-01 19:00:00,108,5,0.8
2896,2017-01-01 19:00:00,108,6,0.005
2897,2017-01-01 19:00:00,108,8,90.0
2898,2017-01-01 19:00:00,108,9,80.0
2899,2017-01-01 19:00:00,109,1,0.005
2900,2017-01-01 19:00:00,109,3,0.052
2901,2017-01-01 19:00:00,109,5,1.0
2902,2017-01-01 19:00:00,109,6,0.002
2903,2017-01-01 19:00:00,109,8,108.0
2904,2017-01-01 19:00:00,109,9,80.0
2905,2017-01-01 19:00:00,110,1,0.005
2906,2017-01-01 19:00:00,110,3,0.035
2907,2017-01-01 19:00:00,110,5,0.7
2908,2017-01-01 19:00:00,110,6,0.008
2909,2017-01-01 19:00:00,110,8,97.0
2910,2017-01-01 19:00:00,110,9,86.0
2911,2017-01-01 19:00:00,111,1,0.005
2912,2017-01-01 19:00:00,111,3,0.051
2913,2017-01-01 19:00:00,111,5,0.8
2914,2017-01-01 19:00:00,111,6,0.002
2915,2017-01-01 19:00:00,111,8,94.0
2916,2017-01-01 19:00:00,111,9,50.0
2917,2017-01-01 19:00:00,112,1,0.004
2918,2017-01-01 19:00:00,112,3,0.05
2919,2017-01-01 19:00:00,112,5,1.1
2920,2017-01-01 19:00:00,112,6,0.001
2921,2017-01-01 19:00:00,112,8,92.0
2922,2017-01-01 19:00:00,112,9,75.0
2923,2017-01-01 19:00:00,113,1,0.006
2924,2017-01-01 19:00:00,113,3,0.059
2925,2017-01-01 19:00:00,113,5,1.0
2926,2017-01-01 19:00:00,113,6,0.002
2927,2017-01-01 19:00:00,113,8,102.0
2928,2017-01-01 19:00:00,113,9,59.0
2929,2017-01-01 19:00:00,114,1,0.009
2930,2017-01-01 19:00:00,114,3,0.065
2931,2017-01-01 19:00:00,114,5,1.3
2932,2017-01-01 19:00:00,114,6,0.002
2933,2017-01-01 19:00:00,114,8,92.0
2934,2017-01-01 19:00:00,114,9,70.0
2935,2017-01-01 19:00:00,115,1,0.005
2936,2017-01-01 19:00:00,115,3,0.053
2937,2017-01-01 19:00:00,115,5,1.1
2938,2017-01-01 19:00:00,115,6,0.002
2939,2017-01-01 19:00:00,115,8,84.0
2940,2017-01-01 19:00:00,115,9,53.0
2941,2017-01-01 19:00:00,116,1,0.006
2942,2017-01-01 19:00:00,116,3,0.065
2943,2017-01-01 19:00:00,116,5,1.0
2944,2017-01-01 19:00:00,116,6,0.001
2945,2017-01-01 19:00:00,116,8,94.0
2946,2017-01-01 19:00:00,116,9,71.0
2947,2017-01-01 19:00:00,117,1,0.0069999999999999
2948,2017-01-01 19:00:00,117,3,0.044
2949,2017-01-01 19:00:00,117,5,1.0
2950,2017-01-01 19:00:00,117,6,0.003
2951,2017-01-01 19:00:00,117,8,89.0
2952,2017-01-01 19:00:00,117,9,71.0
2953,2017-01-01 19:00:00,118,1,0.005
2954,2017-01-01 19:00:00,118,3,0.064
2955,2017-01-01 19:00:00,118,5,0.9
2956,2017-01-01 19:00:00,118,6,0.002
2957,2017-01-01 19:00:00,118,8,57.0
2958,2017-01-01 19:00:00,118,9,38.0
2959,2017-01-01 19:00:00,119,1,0.005
2960,2017-01-01 19:00:00,119,3,0.036
2961,2017-01-01 19:00:00,119,5,1.1
2962,2017-01-01 19:00:00,119,6,0.004
2963,2017-01-01 19:00:00,119,8,84.0
2964,2017-01-01 19:00:00,119,9,60.0
2965,2017-01-01 19:00:00,120,1,0.005
2966,2017-01-01 19:00:00,120,3,0.071
2967,2017-01-01 19:00:00,120,5,1.3
2968,2017-01-01 19:00:00,120,6,0.003
2969,2017-01-01 19:00:00,120,8,86.0
2970,2017-01-01 19:00:00,120,9,70.0
2971,2017-01-01 19:00:00,121,1,0.0069999999999999
2972,2017-01-01 19:00:00,121,3,0.072
2973,2017-01-01 19:00:00,121,5,1.2
2974,2017-01-01 19:00:00,121,6,0.004
2975,2017-01-01 19:00:00,121,8,87.0
2976,2017-01-01 19:00:00,121,9,63.0
2977,2017-01-01 19:00:00,122,1,0.006
2978,2017-01-01 19:00:00,122,3,0.051
2979,2017-01-01 19:00:00,122,5,1.0
2980,2017-01-01 19:00:00,122,6,0.005
2981,2017-01-01 19:00:00,122,8,99.0
2982,2017-01-01 19:00:00,122,9,61.0
2983,2017-01-01 19:00:00,123,1,0.005
2984,2017-01-01 19:00:00,123,3,0.047
2985,2017-01-01 19:00:00,123,5,0.8
2986,2017-01-01 19:00:00,123,6,0.002
2987,2017-01-01 19:00:00,123,8,93.0
2988,2017-01-01 19:00:00,123,9,70.0
2989,2017-01-01 19:00:00,124,1,0.005
2990,2017-01-01 19:00:00,124,3,0.047
2991,2017-01-01 19:00:00,124,5,1.0
2992,2017-01-01 19:00:00,124,6,0.002
2993,2017-01-01 19:00:00,124,8,72.0
2994,2017-01-01 19:00:00,124,9,50.0
2995,2017-01-01 19:00:00,125,1,0.004
2996,2017-01-01 19:00:00,125,3,0.049
2997,2017-01-01 19:00:00,125,5,0.9
2998,2017-01-01 19:00:00,125,6,0.002
2999,2017-01-01 19:00:00,125,8,97.0
3000,2017-01-01 19:00:00,125,9,75.0
3001,2017-01-01 20:00:00,101,1,0.004
3002,2017-01-01 20:00:00,101,3,0.0559999999999999
3003,2017-01-01 20:00:00,101,5,0.9
3004,2017-01-01 20:00:00,101,6,0.002
3005,2017-01-01 20:00:00,101,8,94.0
3006,2017-01-01 20:00:00,101,9,74.0
3007,2017-01-01 20:00:00,102,1,0.006
3008,2017-01-01 20:00:00,102,3,0.0579999999999999
3009,2017-01-01 20:00:00,102,5,1.0
3010,2017-01-01 20:00:00,102,6,0.002
3011,2017-01-01 20:00:00,102,8,94.0
3012,2017-01-01 20:00:00,102,9,73.0
3013,2017-01-01 20:00:00,103,1,0.005
3014,2017-01-01 20:00:00,103,3,0.046
3015,2017-01-01 20:00:00,103,5,1.1
3016,2017-01-01 20:00:00,103,6,0.001
3017,2017-01-01 20:00:00,103,8,86.0
3018,2017-01-01 20:00:00,103,9,82.0
3019,2017-01-01 20:00:00,104,1,0.006
3020,2017-01-01 20:00:00,104,3,0.046
3021,2017-01-01 20:00:00,104,5,0.9
3022,2017-01-01 20:00:00,104,6,0.0069999999999999
3023,2017-01-01 20:00:00,104,8,73.0
3024,2017-01-01 20:00:00,104,9,46.0
3025,2017-01-01 20:00:00,105,1,0.005
3026,2017-01-01 20:00:00,105,3,0.04
3027,2017-01-01 20:00:00,105,5,0.8
3028,2017-01-01 20:00:00,105,6,0.008
3029,2017-01-01 20:00:00,105,8,106.0
3030,2017-01-01 20:00:00,105,9,58.0
3031,2017-01-01 20:00:00,106,1,0.005
3032,2017-01-01 20:00:00,106,3,0.06
3033,2017-01-01 20:00:00,106,5,1.2
3034,2017-01-01 20:00:00,106,6,0.003
3035,2017-01-01 20:00:00,106,8,87.0
3036,2017-01-01 20:00:00,106,9,78.0
3037,2017-01-01 20:00:00,107,1,0.005
3038,2017-01-01 20:00:00,107,3,0.049
3039,2017-01-01 20:00:00,107,5,0.7
3040,2017-01-01 20:00:00,107,6,0.002
3041,2017-01-01 20:00:00,107,8,96.0
3042,2017-01-01 20:00:00,107,9,65.0
3043,2017-01-01 20:00:00,108,1,0.004
3044,2017-01-01 20:00:00,108,3,0.047
3045,2017-01-01 20:00:00,108,5,0.7
3046,2017-01-01 20:00:00,108,6,0.005
3047,2017-01-01 20:00:00,108,8,92.0
3048,2017-01-01 20:00:00,108,9,79.0
3049,2017-01-01 20:00:00,109,1,0.006
3050,2017-01-01 20:00:00,109,3,0.05
3051,2017-01-01 20:00:00,109,5,1.0
3052,2017-01-01 20:00:00,109,6,0.002
3053,2017-01-01 20:00:00,109,8,98.0
3054,2017-01-01 20:00:00,109,9,87.0
3055,2017-01-01 20:00:00,110,1,0.005
3056,2017-01-01 20:00:00,110,3,0.034
3057,2017-01-01 20:00:00,110,5,0.7
3058,2017-01-01 20:00:00,110,6,0.009
3059,2017-01-01 20:00:00,110,8,86.0
3060,2017-01-01 20:00:00,110,9,84.0
3061,2017-01-01 20:00:00,111,1,0.005
3062,2017-01-01 20:00:00,111,3,0.051
3063,2017-01-01 20:00:00,111,5,0.9
3064,2017-01-01 20:00:00,111,6,0.002
3065,2017-01-01 20:00:00,111,8,81.0
3066,2017-01-01 20:00:00,111,9,50.0
3067,2017-01-01 20:00:00,112,1,0.005
3068,2017-01-01 20:00:00,112,3,0.047
3069,2017-01-01 20:00:00,112,5,1.3
3070,2017-01-01 20:00:00,112,6,0.002
3071,2017-01-01 20:00:00,112,8,90.0
3072,2017-01-01 20:00:00,112,9,76.0
3073,2017-01-01 20:00:00,113,1,0.006
3074,2017-01-01 20:00:00,113,3,0.061
3075,2017-01-01 20:00:00,113,5,1.1
3076,2017-01-01 20:00:00,113,6,0.002
3077,2017-01-01 20:00:00,113,8,98.0
3078,2017-01-01 20:00:00,113,9,58.0
3079,2017-01-01 20:00:00,114,1,0.01
3080,2017-01-01 20:00:00,114,3,0.066
3081,2017-01-01 20:00:00,114,5,1.5
3082,2017-01-01 20:00:00,114,6,0.002
3083,2017-01-01 20:00:00,114,8,97.0
3084,2017-01-01 20:00:00,114,9,74.0
3085,2017-01-01 20:00:00,115,1,0.005
3086,2017-01-01 20:00:00,115,3,0.054
3087,2017-01-01 20:00:00,115,5,1.1
3088,2017-01-01 20:00:00,115,6,0.002
3089,2017-01-01 20:00:00,115,8,93.0
3090,2017-01-01 20:00:00,115,9,59.0
3091,2017-01-01 20:00:00,116,1,0.006
3092,2017-01-01 20:00:00,116,3,0.063
3093,2017-01-01 20:00:00,116,5,1.0
3094,2017-01-01 20:00:00,116,6,0.002
3095,2017-01-01 20:00:00,116,8,103.0
3096,2017-01-01 20:00:00,116,9,69.0
3097,2017-01-01 20:00:00,117,1,0.0069999999999999
3098,2017-01-01 20:00:00,117,3,0.043
3099,2017-01-01 20:00:00,117,5,1.0
3100,2017-01-01 20:00:00,117,6,0.003
3101,2017-01-01 20:00:00,117,8,117.0
3102,2017-01-01 20:00:00,117,9,68.0
3103,2017-01-01 20:00:00,118,1,0.005
3104,2017-01-01 20:00:00,118,3,0.068
3105,2017-01-01 20:00:00,118,5,1.1
3106,2017-01-01 20:00:00,118,6,0.001
3107,2017-01-01 20:00:00,118,8,57.0
3108,2017-01-01 20:00:00,118,9,39.0
3109,2017-01-01 20:00:00,119,1,0.005
3110,2017-01-01 20:00:00,119,3,0.033
3111,2017-01-01 20:00:00,119,5,1.1
3112,2017-01-01 20:00:00,119,6,0.004
3113,2017-01-01 20:00:00,119,8,85.0
3114,2017-01-01 20:00:00,119,9,62.0
3115,2017-01-01 20:00:00,120,1,0.005
3116,2017-01-01 20:00:00,120,3,0.069
3117,2017-01-01 20:00:00,120,5,1.3
3118,2017-01-01 20:00:00,120,6,0.003
3119,2017-01-01 20:00:00,120,8,80.0
3120,2017-01-01 20:00:00,120,9,65.0
3121,2017-01-01 20:00:00,121,1,0.0069999999999999
3122,2017-01-01 20:00:00,121,3,0.076
3123,2017-01-01 20:00:00,121,5,1.3
3124,2017-01-01 20:00:00,121,6,0.003
3125,2017-01-01 20:00:00,121,8,90.0
3126,2017-01-01 20:00:00,121,9,68.0
3127,2017-01-01 20:00:00,122,1,0.005
3128,2017-01-01 20:00:00,122,3,0.047
3129,2017-01-01 20:00:00,122,5,0.9
3130,2017-01-01 20:00:00,122,6,0.004
3131,2017-01-01 20:00:00,122,8,94.0
3132,2017-01-01 20:00:00,122,9,64.0
3133,2017-01-01 20:00:00,123,1,0.005
3134,2017-01-01 20:00:00,123,3,0.043
3135,2017-01-01 20:00:00,123,5,0.7
3136,2017-01-01 20:00:00,123,6,0.002
3137,2017-01-01 20:00:00,123,8,101.0
3138,2017-01-01 20:00:00,123,9,74.0
3139,2017-01-01 20:00:00,124,1,0.005
3140,2017-01-01 20:00:00,124,3,0.044
3141,2017-01-01 20:00:00,124,5,1.0
3142,2017-01-01 20:00:00,124,6,0.002
3143,2017-01-01 20:00:00,124,8,81.0
3144,2017-01-01 20:00:00,124,9,45.0
3145,2017-01-01 20:00:00,125,1,0.005
3146,2017-01-01 20:00:00,125,3,0.048
3147,2017-01-01 20:00:00,125,5,0.9
3148,2017-01-01 20:00:00,125,6,0.002
3149,2017-01-01 20:00:00,125,8,91.0
3150,2017-01-01 20:00:00,125,9,62.0
3151,2017-01-01 21:00:00,101,1,0.004
3152,2017-01-01 21:00:00,101,3,0.0579999999999999
3153,2017-01-01 21:00:00,101,5,0.9
3154,2017-01-01 21:00:00,101,6,0.002
3155,2017-01-01 21:00:00,101,8,93.0
3156,2017-01-01 21:00:00,101,9,74.0
3157,2017-01-01 21:00:00,102,1,0.005
3158,2017-01-01 21:00:00,102,3,0.057
3159,2017-01-01 21:00:00,102,5,0.9
